ID,Post Title,Post Slug
1,TTD Tatkal / last-minute darshan ticket — ???? possible ???,ttd-tatkal-darshan-ticket
5,"??????? ?? ??????? — train, bus ?? road ?? ???? ???????",varanasi-se-tirupati-kaise-jayen
7,Chennai ?? ??????? — ???? ???? ?? ????? route,chennai-se-tirumala-kaise-jayen
8,Hyderabad ?? ??????? — ??? travel options ?? ?????,hyderabad-se-tirupati-kaise-jayen
9,Bangalore ?? ??????? — fastest routes 2026,bangalore-se-tirupati-kaise-jayen
10,??????? ??? ?1000 ?? ?? ???? — budget pilgrims ?? ???? list,tirupati-budget-hotels-1000
11,??????? ?? ???????? — free ?? low-cost ???? ?? options,tirupati-dharamshala-guide
12,TTD Tirumala cottages — ???? book ???? ?? availability tips,ttd-tirumala-cottages-booking
15,Thomala Seva — pilgrims ?? ??? detailed guide,thomala-seva-guide
39,"??????? airport guide — flights, taxi ?? Tirumala ???? ???????",tirupati-airport-guide
55,"??????? ????? ?? ?????? 2026 | ????, ??? ?? ?????? ????",tirumala-darshan-ke-prakar
57,TTD Special Entry Darshan ?300 Online Booking 2026 — ???????? ????? ????,ttd-special-entry-darshan-%e2%82%b9300-online-booking-2026
59,"Tirumala Dress Code Rules 2026 — ???? ?????, ???? ???? | ???????? ????? ????",tirumala-dress-code-rules-2026
61,"Sarva Darshan 2026 | Free Token System, Waiting Time ?? Complete Hindi Guide",sarva-darshan-guide
65,"Vaikuntam Queue Complex (VQC) Guide 2026 — ??? ?? Hall, ???? ???? | ???????? ????? ????",vaikuntam-queue-complex-vqc-guide
67,Tirupati Packing List 2026 | ??????? ?????? ??? ????-???? ?? ????,tirupati-packing-list
159,Tirumala Darshan Waiting Time 2026 — ????? ??? ???? ??? | Honest Guide,tirumala-darshan-waiting-time-2026
167,Tirumala Darshan Best Time 2026 — ???? ?? ???? ???? | Month-by-Month,tirumala-darshan-best-time-month-by-month
173,Senior Citizens ?? ??? ??????? ????? 2026 — Special Facilities Guide,senior-citizens-special-facities
178,Special Entry Darshan ?300 ???? ??? — ???? ??????? 2026,what-is-special-entry-darshan-%e2%82%b9300
184,Tirumala Darshan Token System 2026 — ePass vs Physical Token vs Online Slot,tirumala-darshan-token-system-2026-epass-vs-physical-token-vs-online-slot
187,"TTD Seva ticket booking guide — ??? sevas ?? list, ???? ?? booking",ttd-seva-ticket-booking
189,TTD Sarva Darshan Ticket Booking 2026 — ???? ???????,ttd-sarva-darshan-ticket-booking
197,TTD accommodation online booking — cottage ?? guest house ???? ??? ????,ttd-accommodation-online-booking
227,TTD Ticket Cancel 2026 — Refund ?????? ?? ?????,ttd-ticket-cancel-2026-refund
230,NRI Darshan guide — ????? ?? ??? ????? ?? ??? TTD darshan process,nri-darshan-guide
245,2 ??? ?? ??????? ?????? — perfect itinerary plan,tirupati-2-day-itinerary
248,TTD Darshan Dates Kaise Check Karen 2026 — Online Step-by-Step Guide,ttd-darshan-dates-kaise-check-karen
1006,"??????? ?? ??????? ???? ???? — bus, taxi ?? ???? options",tirupati-se-tirumala-kaise-jayen
1011,TTD darshan 2026 — latest rules ?? changes (updated),ttd-darshan-rules-2026
1012,"?????? ?? ??????? ???? ???? — ?????, ?????? ?? ?? guide 2026",delhi-se-tirupati-kaise-jayen
1013,???? ?? ??????? ???? ???? — ???? ????? route ??? ?? ???,lucknow-se-tirupati-kaise-jayen
1014,"????? ?? ??????? — train, flight ?? road ?? ???? guide",mumbai-se-tirupati-kaise-jayen
1015,"TTD Arjitha Sevas ?? complete list — timings, cost ?? booking guide",ttd-arjitha-sevas-list
1016,"Kalyanotsavam Seva — ???? ???? ??, ???? book ???? ?? ???? experience ????",kalyanotsavam-seva-guide
1017,"Abhishekam Seva ??????? — meaning, cost ?? booking 2026",tirumala-abhishekam-seva-guide
1036,"??????? ????? ?????? — ??????, ?????? ?? ???? ????? ??",tirumala-laddu-prasad-guide
1037,Annadanam ??????? — free meals ???? ????? ??? pilgrims ??,tirumala-annadanam-guide
1038,TTD Laddu online order — ?? ???? ??????? ????? ???? ??????,ttd-laddu-online-order
1129,1 ??? ??? ??????? ????? — ???? possible ??? honest guide,tirupati-1-day-darshan
1130,??????? ???? ?? best time — ?????-??-????? guide,tirupati-best-time-to-visit
1131,Tiruchanur Padmavathi temple — darshan guide ?? ???? ????,tiruchanur-padmavathi-temple-guide
1132,Sri Kalahasti temple — complete travel ?? darshan guide,sri-kalahasti-temple-guide
1133,??????? town complete guide — pilgrims ?? ??? ?? ???,tirupati-town-guide
1134,"??????? local transport — auto, cab ?? bus ?? ???? ???????",tirupati-local-transport-guide
1156,"Brahmotsavam 2026 — dates, schedule ?? ???? expect ????",brahmotsavam-2026-dates-schedule
1158,??????? ?????? ?? total ???? — realistic budget breakdown,tirupati-yatra-total-budget
1159,??????? ?????? ???? plan ???? — complete beginner guide,tirupati-yatra-planning-guide
1160,Kapila Theertham — ??????? ?? ???? ????? — visiting guide,kapila-theertham-tirupati
1161,TTD Laddu online booking — step-by-step ?? delivery ???? ??????,ttd-laddu-online-booking-process
1162,"??????? ????? ?? delivery — ????? ??? ??? ????, ???? expect ?????",tirupati-laddu-ghar-delivery
1163,"TTD Laddu price 2026 — ????? ?? ??, ????? ?? ???? ??, free ?? ????? ???",ttd-laddu-price-2026
1305,??????? ????? ?? ?????? — ?????????? ?? ?????,tirumala-mandir-itihas
1306,TTD darshan slot cancel — refund ???? ??????,ttd-darshan-ticket-cancel-refund
1307,TTD ePass ???? ?? ?? ???? use ?????,ttd-epass-kya-hai
1308,"TTD mobile app — download, setup ?? booking",ttd-mobile-app-guide
1309,TTD booking site crash — 5 tips ?? ??? ?????,ttd-booking-site-crash-tips
1310,NRI Darshan Guide — ????? ?? TTD darshan process,nri-tirumala-darshan-guide
1311,Alipiri footpath trek guide — ???? ??????? ?? ???? ?????,alipiri-footpath-trek-guide
1312,Srivari Mettu footpath — ????? ???? ?????? — complete guide,srivari-mettu-footpath-guide
1313,??????? railway station ?? ??? ???? — top 10 picks,tirupati-railway-station-hotels
1314,Tirumala ??? pilgrims ?? ??? best stay options — complete list,tirumala-stay-options-pilgrims
1315,??????? ??? family ?? ??? ???? ????? — family-friendly guide,tirupati-family-stay-guide
1316,Tirupati ??? 3-star hotels — budget ??? comfort,tirupati-3-star-hotels
1317,??????? accommodation reform 2026 — darshan ticket ?? ???? ????? ?? room?,tirupati-accommodation-reform-2026
1318,Suprabhatam Seva — ???? book ???? ?? ???? experience ??????,suprabhatam-seva-booking
1319,Sahasra Deepalankara Seva — ?? devotee's guide,sahasra-deepalankara-seva
1320,"Mokkuvalu (head tonsure) ??????? — process, rules ?? ???? expect ????",tirumala-mokkuvalu-head-tonsure
1321,??????? ?? best vegetarian restaurants — pilgrims ?? ??? guide,tirupati-vegetarian-restaurants
1322,"??????? ?? ???? food rules — ???? allowed ??, ???? ????",tirumala-food-rules
1323,Brahmin hotels ??????? — traditional meals ?? ?????,tirupati-brahmin-hotels
